comment,label,subreddit
"meanwhile, this is helpful, appreciate the insight",0,books
"This is helpful, appreciate the insight basically based on my experience",0,science
"honestly, this person is dumb based on my experience",1,askreddit
"This is helpful, appreciate the insight really",0,movies
You're so stupid clearly,1,showerthoughts
Could you provide more details about this? honestly based on my experience,0,politics
Thanks for the thoughtful response,0,worldnews
"I have a different view, here's why honestly",0,science
"Well-reasoned argument, thanks for sharing therefore",0,books
"however, interesting perspective on this topic",0,books
"seriously, anyone who believes this is an idiot to be honest",1,todayilearned
"furthermore, this is helpful, appreciate the insight",0,movies
Thanks for sharing this information,0,askreddit
What an idiot to be honest,1,science
"meanwhile, great discussion, learned something new in my opinion",0,askreddit
"probably, thanks for the thoughtful response",0,gaming
"seriously, this is helpful, appreciate the insight",0,askreddit
"This is helpful, appreciate the insight actually",0,showerthoughts
"nevertheless, thanks for the thoughtful response",0,science
Interesting perspective on this topic,0,politics
Thanks for sharing this information in my opinion,0,gaming
"meanwhile, i disagree with your point, but respect your opinion",0,showerthoughts
"Great discussion, learned something new",0,gaming
Thanks for the thoughtful response based on my experience,0,gaming
"Great discussion, learned something new probably",0,gaming
This community is full of morons,1,todayilearned
This adds valuable context to the discussion basically from what I've seen,0,askreddit
"apparently, this adds valuable context to the discussion",0,science
"apparently, i have a different view, here's why",0,politics
"honestly, i disagree with your point, but respect your opinion to be honest",0,technology
"definitely, you have no idea what you're talking about",1,politics
"nevertheless, this community is full of morons based on my experience",1,movies
Thanks for the thoughtful response however,0,politics
"actually, this adds valuable context to the discussion",0,askreddit
This community is full of morons seriously,1,showerthoughts
This is garbage content,1,movies
"Great discussion, learned something new",0,todayilearned
Interesting perspective on this topic honestly,0,movies
"therefore, this is helpful, appreciate the insight",0,worldnews
Thanks for the thoughtful response,0,askreddit
Are you serious? This is terrible apparently,1,movies
Thanks for sharing this information,0,showerthoughts
"furthermore, complete waste of time",1,science
"basically, could you provide more details about this?",0,worldnews
Interesting perspective on this topic furthermore in my opinion,0,technology
"meanwhile, this is helpful, appreciate the insight in my opinion",0,showerthoughts
"apparently, could you provide more details about this?",0,worldnews
"This is helpful, appreciate the insight if you ask me",0,showerthoughts
"however, i have a different view, here's why from what I've seen",0,worldnews
"Great discussion, learned something new probably",0,movies
This adds valuable context to the discussion to be honest,0,politics
Are you serious? This is terrible,1,books
"apparently, thanks for sharing this information in my opinion",0,gaming
"nevertheless, this adds valuable context to the discussion",0,askreddit
"Well-reasoned argument, thanks for sharing",0,showerthoughts
Thanks for the thoughtful response probably,0,showerthoughts
"honestly, this adds valuable context to the discussion",0,politics
"This is helpful, appreciate the insight if you ask me",0,technology
Anyone who believes this is an idiot nevertheless,1,todayilearned
"therefore, you're so stupid",1,politics
"basically, thanks for sharing this information in my opinion",0,worldnews
Thanks for the thoughtful response,0,todayilearned
"therefore, this adds valuable context to the discussion",0,science
"honestly, well-reasoned argument, thanks for sharing",0,technology
Anyone who believes this is an idiot meanwhile,1,science
Thanks for sharing this information therefore,0,worldnews
"really, anyone who believes this is an idiot based on my experience",1,movies
"This is helpful, appreciate the insight in my opinion",0,worldnews
"obviously, could you provide more details about this?",0,science
You're so stupid based on my experience,1,science
"I have a different view, here's why seriously from what I've seen",0,technology
"obviously, complete waste of time",1,politics
"honestly, this adds valuable context to the discussion in my opinion",0,gaming
This person is dumb in my opinion,1,worldnews
"meanwhile, what an idiot to be honest",1,worldnews
"basically, this person is dumb",1,askreddit
Thanks for sharing this information,0,books
"actually, i have a different view, here's why from what I've seen",0,science
"This is helpful, appreciate the insight from what I've seen",0,science
Thanks for the thoughtful response obviously,0,politics
"Well-reasoned argument, thanks for sharing basically",0,books
"really, this is the worst post ever",1,showerthoughts
"clearly, what an idiot",1,science
This person is dumb however from what I've seen,1,movies
"actually, this adds valuable context to the discussion",0,showerthoughts
"I disagree with your point, but respect your opinion if you ask me",0,science
Interesting perspective on this topic if you ask me,0,movies
"I have a different view, here's why in my opinion",0,politics
"seriously, interesting perspective on this topic",0,gaming
This community is full of morons probably,1,technology
"therefore, interesting perspective on this topic",0,books
Could you provide more details about this? to be honest,0,movies
"definitely, could you provide more details about this?",0,movies
Interesting perspective on this topic definitely from what I've seen,0,technology
"Well-reasoned argument, thanks for sharing in my opinion",0,politics
"apparently, this adds valuable context to the discussion",0,books
"actually, could you provide more details about this?",0,books
"actually, thanks for the thoughtful response",0,worldnews
You're so stupid clearly,1,worldnews
"honestly, great discussion, learned something new based on my experience",0,todayilearned
Complete waste of time,1,movies
"Great discussion, learned something new",0,movies
"meanwhile, this person is dumb based on my experience",1,technology
What an idiot nevertheless,1,todayilearned
"nevertheless, complete waste of time if you ask me",1,technology
Complete waste of time therefore,1,worldnews
Thanks for sharing this information,0,worldnews
"obviously, interesting perspective on this topic",0,worldnews
Are you serious? This is terrible,1,gaming
Could you provide more details about this? seriously,0,science
This adds valuable context to the discussion,0,showerthoughts
"Great discussion, learned something new",0,showerthoughts
"definitely, this person is dumb if you ask me",1,gaming
"probably, this community is full of morons in my opinion",1,askreddit
"Well-reasoned argument, thanks for sharing",0,askreddit
Complete waste of time clearly,1,worldnews
"really, well-reasoned argument, thanks for sharing based on my experience",0,technology
"This is helpful, appreciate the insight",0,showerthoughts
You're so stupid if you ask me,1,askreddit
"obviously, this is garbage content",1,todayilearned
Interesting perspective on this topic,0,politics
"Well-reasoned argument, thanks for sharing",0,books
This community is full of morons obviously,1,politics
Thanks for sharing this information,0,gaming
You have no idea what you're talking about honestly,1,askreddit
"Well-reasoned argument, thanks for sharing to be honest",0,worldnews
"really, thanks for the thoughtful response",0,books
"furthermore, anyone who believes this is an idiot to be honest",1,gaming
Could you provide more details about this? apparently,0,askreddit
Could you provide more details about this? if you ask me,0,science
"Well-reasoned argument, thanks for sharing",0,movies
"This is helpful, appreciate the insight",0,politics
What an idiot really,1,technology
"I disagree with your point, but respect your opinion",0,technology
Thanks for the thoughtful response,0,showerthoughts
"Great discussion, learned something new obviously in my opinion",0,technology
"I have a different view, here's why",0,politics
"however, interesting perspective on this topic to be honest",0,movies
"I disagree with your point, but respect your opinion",0,movies
"I disagree with your point, but respect your opinion",0,science
What an idiot,1,politics
"Great discussion, learned something new however if you ask me",0,politics
"meanwhile, could you provide more details about this?",0,showerthoughts
You have no idea what you're talking about therefore from what I've seen,1,technology
You have no idea what you're talking about,1,science
"therefore, i disagree with your point, but respect your opinion",0,todayilearned
You're so stupid to be honest,1,worldnews
Thanks for the thoughtful response meanwhile,0,politics
This adds valuable context to the discussion in my opinion,0,gaming
Thanks for sharing this information,0,movies
"furthermore, well-reasoned argument, thanks for sharing",0,politics
Anyone who believes this is an idiot,1,worldnews
"Great discussion, learned something new really",0,showerthoughts
"meanwhile, great discussion, learned something new based on my experience",0,politics
"I have a different view, here's why clearly",0,askreddit
Interesting perspective on this topic,0,worldnews
"seriously, thanks for sharing this information",0,movies
"I disagree with your point, but respect your opinion",0,technology
Interesting perspective on this topic from what I've seen,0,books
"however, i disagree with your point, but respect your opinion",0,askreddit
"I have a different view, here's why based on my experience",0,science
"Great discussion, learned something new",0,gaming
"I disagree with your point, but respect your opinion if you ask me",0,todayilearned
"This is helpful, appreciate the insight definitely",0,todayilearned
Interesting perspective on this topic therefore,0,worldnews
This is the worst post ever if you ask me,1,gaming
Complete waste of time,1,askreddit
"honestly, could you provide more details about this?",0,showerthoughts
"honestly, this adds valuable context to the discussion",0,showerthoughts
"meanwhile, thanks for the thoughtful response",0,askreddit
Could you provide more details about this? definitely to be honest,0,gaming
This adds valuable context to the discussion obviously,0,askreddit
"seriously, you're so stupid from what I've seen",1,worldnews
"however, i disagree with your point, but respect your opinion",0,science
This person is dumb definitely,1,askreddit
"I have a different view, here's why",0,technology
"clearly, you're so stupid",1,showerthoughts
"I have a different view, here's why to be honest",0,technology
"therefore, this is helpful, appreciate the insight",0,movies
"honestly, great discussion, learned something new",0,worldnews
"apparently, could you provide more details about this? if you ask me",0,askreddit
"I have a different view, here's why clearly based on my experience",0,politics
"seriously, complete waste of time",1,politics
"Well-reasoned argument, thanks for sharing",0,showerthoughts
"apparently, great discussion, learned something new",0,todayilearned
You have no idea what you're talking about,1,technology
This adds valuable context to the discussion,0,books
Thanks for the thoughtful response basically,0,books
"I disagree with your point, but respect your opinion clearly if you ask me",0,askreddit
"seriously, i have a different view, here's why",0,todayilearned
Thanks for sharing this information honestly in my opinion,0,politics
"This is helpful, appreciate the insight based on my experience",0,todayilearned
"furthermore, this is helpful, appreciate the insight",0,science
"Great discussion, learned something new",0,showerthoughts
"I disagree with your point, but respect your opinion",0,todayilearned
"clearly, anyone who believes this is an idiot based on my experience",1,showerthoughts
Thanks for the thoughtful response honestly,0,books
Are you serious? This is terrible obviously,1,science
"seriously, i have a different view, here's why",0,askreddit
"Great discussion, learned something new basically",0,movies
Could you provide more details about this? from what I've seen,0,todayilearned
You're so stupid obviously,1,books
You have no idea what you're talking about,1,gaming
"basically, i have a different view, here's why",0,showerthoughts
You have no idea what you're talking about,1,movies
"obviously, you have no idea what you're talking about",1,showerthoughts
"definitely, complete waste of time in my opinion",1,science
"Great discussion, learned something new",0,worldnews
"actually, could you provide more details about this?",0,books
Thanks for sharing this information,0,gaming
"actually, could you provide more details about this? if you ask me",0,worldnews
This person is dumb to be honest,1,gaming
Are you serious? This is terrible from what I've seen,1,todayilearned
"actually, complete waste of time based on my experience",1,science
Anyone who believes this is an idiot nevertheless from what I've seen,1,books
"nevertheless, you're so stupid based on my experience",1,politics
"actually, interesting perspective on this topic to be honest",0,technology
Anyone who believes this is an idiot,1,gaming
"therefore, anyone who believes this is an idiot in my opinion",1,showerthoughts
"I disagree with your point, but respect your opinion meanwhile",0,todayilearned
"I have a different view, here's why",0,askreddit
"seriously, this is garbage content",1,technology
"Great discussion, learned something new",0,books
This adds valuable context to the discussion definitely to be honest,0,politics
"nevertheless, complete waste of time",1,askreddit
"Great discussion, learned something new probably from what I've seen",0,science
What an idiot probably,1,movies
Thanks for sharing this information,0,technology
This adds valuable context to the discussion really,0,worldnews
This is garbage content based on my experience,1,movies
Could you provide more details about this?,0,worldnews
"Well-reasoned argument, thanks for sharing seriously if you ask me",0,science
Anyone who believes this is an idiot in my opinion,1,politics
"I have a different view, here's why clearly if you ask me",0,askreddit
You're so stupid clearly,1,showerthoughts
"furthermore, this community is full of morons",1,todayilearned
"I have a different view, here's why really",0,books
"I have a different view, here's why really",0,politics
"honestly, this is garbage content",1,science
"clearly, could you provide more details about this? based on my experience",0,gaming
Thanks for the thoughtful response,0,technology
"therefore, this is helpful, appreciate the insight",0,books
"Well-reasoned argument, thanks for sharing from what I've seen",0,books
"probably, thanks for the thoughtful response",0,technology
"definitely, this is garbage content",1,science
Could you provide more details about this? nevertheless in my opinion,0,showerthoughts
"nevertheless, anyone who believes this is an idiot from what I've seen",1,technology
Could you provide more details about this?,0,gaming
"really, you're so stupid",1,todayilearned
Interesting perspective on this topic seriously in my opinion,0,todayilearned
"This is helpful, appreciate the insight",0,showerthoughts
"I disagree with your point, but respect your opinion",0,showerthoughts
"probably, anyone who believes this is an idiot based on my experience",1,politics
This is the worst post ever basically,1,worldnews
This adds valuable context to the discussion,0,books
Thanks for sharing this information probably if you ask me,0,askreddit
This is the worst post ever apparently to be honest,1,gaming
"definitely, well-reasoned argument, thanks for sharing if you ask me",0,gaming
Thanks for the thoughtful response meanwhile from what I've seen,0,worldnews
"apparently, i disagree with your point, but respect your opinion from what I've seen",0,worldnews
This is the worst post ever,1,books
"This is helpful, appreciate the insight nevertheless",0,gaming
"apparently, this is helpful, appreciate the insight to be honest",0,books
Interesting perspective on this topic,0,books
"Great discussion, learned something new",0,askreddit
"Great discussion, learned something new",0,showerthoughts
Thanks for the thoughtful response honestly,0,technology
This community is full of morons probably,1,science
"Great discussion, learned something new obviously",0,askreddit
"nevertheless, thanks for sharing this information",0,books
"meanwhile, you have no idea what you're talking about",1,showerthoughts
"nevertheless, complete waste of time",1,books
"nevertheless, thanks for sharing this information",0,gaming
Could you provide more details about this? based on my experience,0,todayilearned
"This is helpful, appreciate the insight probably",0,worldnews
This is garbage content probably,1,gaming
"Well-reasoned argument, thanks for sharing probably from what I've seen",0,gaming
"actually, could you provide more details about this?",0,science
"nevertheless, what an idiot",1,science
"furthermore, well-reasoned argument, thanks for sharing based on my experience",0,science
"I have a different view, here's why",0,books
"nevertheless, this adds valuable context to the discussion",0,askreddit
"clearly, thanks for the thoughtful response to be honest",0,askreddit
"honestly, i have a different view, here's why if you ask me",0,gaming
"Well-reasoned argument, thanks for sharing furthermore to be honest",0,movies
"really, anyone who believes this is an idiot if you ask me",1,askreddit
"Great discussion, learned something new",0,gaming
"I have a different view, here's why in my opinion",0,todayilearned
"seriously, anyone who believes this is an idiot",1,technology
"Great discussion, learned something new seriously based on my experience",0,books
"furthermore, i disagree with your point, but respect your opinion",0,showerthoughts
"furthermore, great discussion, learned something new",0,politics
Anyone who believes this is an idiot,1,gaming
Thanks for the thoughtful response actually based on my experience,0,politics
"I disagree with your point, but respect your opinion nevertheless",0,books
This is garbage content basically to be honest,1,books
This is the worst post ever obviously,1,todayilearned
"Great discussion, learned something new obviously",0,science
"definitely, this is garbage content",1,technology
"Great discussion, learned something new",0,politics
This is the worst post ever basically in my opinion,1,books
"I disagree with your point, but respect your opinion probably",0,gaming
Interesting perspective on this topic definitely,0,science
Thanks for sharing this information,0,technology
"meanwhile, interesting perspective on this topic",0,books
"This is helpful, appreciate the insight meanwhile",0,showerthoughts
This adds valuable context to the discussion,0,todayilearned
"really, this person is dumb from what I've seen",1,gaming
"obviously, i disagree with your point, but respect your opinion based on my experience",0,science
Are you serious? This is terrible basically,1,science
"nevertheless, what an idiot",1,technology
This person is dumb,1,worldnews
"This is helpful, appreciate the insight meanwhile based on my experience",0,movies
"Great discussion, learned something new definitely if you ask me",0,showerthoughts
This adds valuable context to the discussion,0,todayilearned
"actually, this community is full of morons",1,books
Could you provide more details about this?,0,showerthoughts
"really, i have a different view, here's why",0,worldnews
This community is full of morons,1,todayilearned
"however, this is helpful, appreciate the insight if you ask me",0,science
"meanwhile, i have a different view, here's why",0,science
"I disagree with your point, but respect your opinion honestly",0,askreddit
"I have a different view, here's why really",0,science
"obviously, this is helpful, appreciate the insight",0,askreddit
This is the worst post ever to be honest,1,askreddit
You're so stupid,1,technology
"honestly, thanks for the thoughtful response",0,technology
"I have a different view, here's why really in my opinion",0,politics
"therefore, great discussion, learned something new to be honest",0,askreddit
"I disagree with your point, but respect your opinion probably to be honest",0,showerthoughts
"really, well-reasoned argument, thanks for sharing",0,todayilearned
"apparently, thanks for sharing this information in my opinion",0,politics
Thanks for the thoughtful response probably,0,movies
This adds valuable context to the discussion honestly,0,gaming
"therefore, great discussion, learned something new from what I've seen",0,technology
Thanks for the thoughtful response,0,technology
"Well-reasoned argument, thanks for sharing from what I've seen",0,technology
Are you serious? This is terrible nevertheless,1,todayilearned
"Great discussion, learned something new meanwhile",0,technology
Are you serious? This is terrible,1,books
This person is dumb probably,1,todayilearned
Interesting perspective on this topic therefore,0,politics
Thanks for sharing this information apparently,0,todayilearned
This adds valuable context to the discussion seriously,0,todayilearned
"I have a different view, here's why apparently",0,askreddit
"really, well-reasoned argument, thanks for sharing",0,showerthoughts
"Well-reasoned argument, thanks for sharing",0,science
"however, what an idiot",1,todayilearned
You're so stupid obviously,1,technology
"definitely, you have no idea what you're talking about",1,todayilearned
"probably, thanks for the thoughtful response",0,technology
"actually, thanks for the thoughtful response to be honest",0,worldnews
"I disagree with your point, but respect your opinion",0,science
Interesting perspective on this topic,0,science
Complete waste of time meanwhile,1,worldnews
"Well-reasoned argument, thanks for sharing obviously",0,todayilearned
Could you provide more details about this? furthermore,0,technology
This person is dumb,1,politics
Anyone who believes this is an idiot,1,worldnews
"Well-reasoned argument, thanks for sharing",0,gaming
"I have a different view, here's why to be honest",0,showerthoughts
"Great discussion, learned something new therefore to be honest",0,todayilearned
What an idiot,1,worldnews
"Great discussion, learned something new",0,technology
Complete waste of time therefore,1,worldnews
"meanwhile, i have a different view, here's why",0,technology
This is the worst post ever,1,technology
You have no idea what you're talking about probably in my opinion,1,worldnews
Thanks for sharing this information meanwhile,0,movies
This is the worst post ever furthermore to be honest,1,worldnews
This is the worst post ever,1,askreddit
Interesting perspective on this topic definitely,0,science
"I have a different view, here's why",0,showerthoughts
Anyone who believes this is an idiot,1,gaming
This is garbage content,1,showerthoughts
"This is helpful, appreciate the insight therefore",0,askreddit
"Great discussion, learned something new based on my experience",0,todayilearned
Thanks for the thoughtful response,0,todayilearned
This adds valuable context to the discussion actually,0,technology
"I disagree with your point, but respect your opinion honestly",0,books
"seriously, great discussion, learned something new in my opinion",0,technology
"actually, this community is full of morons",1,gaming
"obviously, complete waste of time",1,worldnews
"really, well-reasoned argument, thanks for sharing",0,science
"This is helpful, appreciate the insight seriously",0,technology
"definitely, this is helpful, appreciate the insight",0,todayilearned
"honestly, could you provide more details about this?",0,technology
"I disagree with your point, but respect your opinion to be honest",0,movies
"honestly, well-reasoned argument, thanks for sharing",0,showerthoughts
This person is dumb definitely if you ask me,1,technology
"I have a different view, here's why",0,science
"Well-reasoned argument, thanks for sharing obviously",0,movies
"I have a different view, here's why apparently",0,askreddit
Thanks for the thoughtful response furthermore,0,gaming
"Great discussion, learned something new apparently",0,movies
"seriously, interesting perspective on this topic",0,politics
Thanks for the thoughtful response clearly,0,todayilearned
"really, could you provide more details about this?",0,gaming
Thanks for sharing this information however,0,worldnews
"Great discussion, learned something new nevertheless",0,showerthoughts
This person is dumb,1,technology
"Well-reasoned argument, thanks for sharing probably",0,science
This adds valuable context to the discussion clearly from what I've seen,0,movies
"however, thanks for sharing this information to be honest",0,movies
Could you provide more details about this? apparently,0,politics
"meanwhile, this is the worst post ever if you ask me",1,gaming
Thanks for the thoughtful response clearly,0,technology
"Great discussion, learned something new",0,books
"meanwhile, anyone who believes this is an idiot",1,movies
"probably, this community is full of morons",1,politics
Could you provide more details about this? definitely,0,politics
This adds valuable context to the discussion honestly from what I've seen,0,books
Complete waste of time,1,askreddit
Interesting perspective on this topic in my opinion,0,showerthoughts
Thanks for sharing this information seriously to be honest,0,showerthoughts
"Great discussion, learned something new apparently",0,technology
Thanks for the thoughtful response,0,movies
"meanwhile, complete waste of time",1,politics
"Well-reasoned argument, thanks for sharing apparently",0,science
Interesting perspective on this topic therefore if you ask me,0,movies
This adds valuable context to the discussion in my opinion,0,science
Thanks for the thoughtful response,0,technology
Complete waste of time probably,1,gaming
"meanwhile, are you serious? this is terrible",1,politics
"Great discussion, learned something new meanwhile",0,todayilearned
"I have a different view, here's why probably if you ask me",0,showerthoughts
You're so stupid clearly,1,worldnews
Interesting perspective on this topic obviously,0,gaming
"basically, this is the worst post ever based on my experience",1,science
This adds valuable context to the discussion apparently,0,movies
Interesting perspective on this topic,0,politics
Interesting perspective on this topic based on my experience,0,politics
"Great discussion, learned something new",0,science
"probably, this is helpful, appreciate the insight",0,todayilearned
"nevertheless, i have a different view, here's why",0,science
"basically, complete waste of time",1,movies
"I disagree with your point, but respect your opinion",0,movies
This is the worst post ever seriously in my opinion,1,science
"I have a different view, here's why apparently based on my experience",0,books
Thanks for the thoughtful response in my opinion,0,askreddit
"Well-reasoned argument, thanks for sharing",0,movies
Are you serious? This is terrible,1,technology
This is the worst post ever,1,gaming
"This is helpful, appreciate the insight",0,todayilearned
"seriously, great discussion, learned something new if you ask me",0,books
"I disagree with your point, but respect your opinion",0,technology
"meanwhile, this adds valuable context to the discussion",0,science
Complete waste of time furthermore,1,science
Could you provide more details about this? really,0,showerthoughts
This adds valuable context to the discussion to be honest,0,technology
"meanwhile, thanks for sharing this information",0,politics
"actually, this adds valuable context to the discussion",0,movies
"furthermore, complete waste of time",1,todayilearned
"honestly, well-reasoned argument, thanks for sharing based on my experience",0,showerthoughts
This person is dumb,1,politics
Anyone who believes this is an idiot basically,1,technology
"definitely, this is garbage content to be honest",1,science
Could you provide more details about this?,0,science
"meanwhile, thanks for the thoughtful response",0,technology
Interesting perspective on this topic to be honest,0,askreddit
"clearly, could you provide more details about this? if you ask me",0,worldnews
"definitely, i have a different view, here's why",0,technology
This adds valuable context to the discussion if you ask me,0,showerthoughts
"I disagree with your point, but respect your opinion furthermore",0,movies
"clearly, this community is full of morons based on my experience",1,books
"actually, you're so stupid",1,movies
"This is helpful, appreciate the insight from what I've seen",0,worldnews
"probably, great discussion, learned something new based on my experience",0,politics
This adds valuable context to the discussion,0,gaming
"nevertheless, thanks for the thoughtful response if you ask me",0,todayilearned
"I have a different view, here's why actually",0,askreddit
"honestly, this person is dumb",1,books
"I disagree with your point, but respect your opinion therefore based on my experience",0,politics
What an idiot furthermore,1,gaming
"I have a different view, here's why",0,askreddit
"Great discussion, learned something new definitely to be honest",0,showerthoughts
This is garbage content basically to be honest,1,books
Thanks for the thoughtful response basically,0,politics
"therefore, complete waste of time",1,movies
Thanks for the thoughtful response apparently in my opinion,0,showerthoughts
You're so stupid apparently,1,gaming
This is garbage content however,1,todayilearned
"honestly, well-reasoned argument, thanks for sharing",0,politics
Interesting perspective on this topic actually,0,movies
"probably, well-reasoned argument, thanks for sharing",0,showerthoughts
Interesting perspective on this topic meanwhile,0,showerthoughts
Thanks for sharing this information clearly,0,gaming
"This is helpful, appreciate the insight actually to be honest",0,askreddit
"clearly, great discussion, learned something new",0,askreddit
"basically, anyone who believes this is an idiot from what I've seen",1,worldnews
"meanwhile, this is the worst post ever",1,todayilearned
"definitely, interesting perspective on this topic",0,science
Thanks for sharing this information seriously,0,showerthoughts
Interesting perspective on this topic meanwhile,0,worldnews
This is the worst post ever nevertheless,1,technology
"honestly, are you serious? this is terrible",1,science
"probably, interesting perspective on this topic",0,books
"really, this is helpful, appreciate the insight",0,gaming
"I disagree with your point, but respect your opinion probably",0,worldnews
Interesting perspective on this topic,0,showerthoughts
"seriously, i disagree with your point, but respect your opinion from what I've seen",0,movies
"Well-reasoned argument, thanks for sharing really",0,askreddit
"Well-reasoned argument, thanks for sharing",0,showerthoughts
"obviously, interesting perspective on this topic",0,technology
"obviously, anyone who believes this is an idiot in my opinion",1,gaming
Thanks for the thoughtful response if you ask me,0,politics
This is garbage content in my opinion,1,movies
"apparently, i have a different view, here's why from what I've seen",0,gaming
"honestly, complete waste of time in my opinion",1,books
"therefore, this adds valuable context to the discussion",0,showerthoughts
"however, complete waste of time based on my experience",1,technology
"furthermore, this person is dumb",1,science
"Well-reasoned argument, thanks for sharing however",0,books
"furthermore, are you serious? this is terrible",1,movies
"honestly, this adds valuable context to the discussion",0,gaming
"furthermore, i disagree with your point, but respect your opinion",0,todayilearned
"however, thanks for sharing this information",0,gaming
Thanks for sharing this information based on my experience,0,science
"clearly, great discussion, learned something new",0,politics
What an idiot,1,showerthoughts
"clearly, this is garbage content if you ask me",1,gaming
"definitely, this is helpful, appreciate the insight based on my experience",0,politics
"This is helpful, appreciate the insight",0,movies
"I disagree with your point, but respect your opinion apparently based on my experience",0,showerthoughts
"obviously, you have no idea what you're talking about",1,movies
"however, complete waste of time",1,technology
"seriously, great discussion, learned something new",0,movies
"obviously, great discussion, learned something new if you ask me",0,science
"really, thanks for sharing this information",0,todayilearned
"This is helpful, appreciate the insight to be honest",0,showerthoughts
Thanks for sharing this information furthermore based on my experience,0,movies
Thanks for sharing this information,0,technology
This community is full of morons nevertheless,1,technology
Thanks for sharing this information basically if you ask me,0,politics
"This is helpful, appreciate the insight obviously",0,movies
"This is helpful, appreciate the insight furthermore",0,todayilearned
"honestly, thanks for the thoughtful response",0,askreddit
"I have a different view, here's why probably to be honest",0,askreddit
"really, i have a different view, here's why",0,gaming
Complete waste of time,1,gaming
Thanks for sharing this information however based on my experience,0,showerthoughts
"therefore, this person is dumb based on my experience",1,politics
This adds valuable context to the discussion to be honest,0,worldnews
"honestly, i have a different view, here's why",0,science
"This is helpful, appreciate the insight in my opinion",0,politics
Are you serious? This is terrible,1,politics
This is the worst post ever,1,todayilearned
Thanks for the thoughtful response however,0,askreddit
This is the worst post ever basically,1,showerthoughts
"Well-reasoned argument, thanks for sharing apparently",0,worldnews
"however, well-reasoned argument, thanks for sharing to be honest",0,books
"however, you're so stupid",1,showerthoughts
Anyone who believes this is an idiot obviously,1,politics
Complete waste of time,1,showerthoughts
Thanks for sharing this information,0,gaming
"apparently, i disagree with your point, but respect your opinion to be honest",0,gaming
Complete waste of time therefore in my opinion,1,technology
Could you provide more details about this? clearly from what I've seen,0,todayilearned
This adds valuable context to the discussion actually,0,todayilearned
You have no idea what you're talking about seriously,1,worldnews
"however, i disagree with your point, but respect your opinion",0,todayilearned
"basically, this community is full of morons based on my experience",1,worldnews
"definitely, this is helpful, appreciate the insight",0,books
Could you provide more details about this? really,0,worldnews
Interesting perspective on this topic in my opinion,0,showerthoughts
"actually, thanks for the thoughtful response in my opinion",0,showerthoughts
"I have a different view, here's why probably",0,books
This adds valuable context to the discussion obviously,0,movies
"I have a different view, here's why definitely",0,askreddit
"I disagree with your point, but respect your opinion from what I've seen",0,movies
This adds valuable context to the discussion if you ask me,0,movies
This is the worst post ever clearly if you ask me,1,politics
"apparently, thanks for sharing this information",0,science
This adds valuable context to the discussion really from what I've seen,0,science
Could you provide more details about this?,0,books
"Great discussion, learned something new obviously",0,movies
Are you serious? This is terrible obviously,1,todayilearned
"obviously, this person is dumb",1,politics
"really, thanks for the thoughtful response based on my experience",0,gaming
Interesting perspective on this topic,0,askreddit
"definitely, i have a different view, here's why",0,technology
"therefore, i disagree with your point, but respect your opinion",0,todayilearned
"Great discussion, learned something new from what I've seen",0,science
Thanks for the thoughtful response basically from what I've seen,0,todayilearned
Anyone who believes this is an idiot meanwhile,1,askreddit
You're so stupid,1,politics
"meanwhile, i disagree with your point, but respect your opinion",0,books
"obviously, this is the worst post ever",1,technology
Thanks for the thoughtful response however based on my experience,0,showerthoughts
What an idiot obviously,1,worldnews
"I disagree with your point, but respect your opinion",0,showerthoughts
"This is helpful, appreciate the insight honestly",0,science
Could you provide more details about this? therefore from what I've seen,0,gaming
This is the worst post ever,1,books
This is the worst post ever clearly,1,politics
This is garbage content obviously in my opinion,1,gaming
Thanks for the thoughtful response in my opinion,0,movies
"Well-reasoned argument, thanks for sharing to be honest",0,movies
"seriously, great discussion, learned something new",0,showerthoughts
"Great discussion, learned something new nevertheless",0,worldnews
What an idiot,1,books
"I have a different view, here's why basically",0,books
"actually, this adds valuable context to the discussion based on my experience",0,politics
"Well-reasoned argument, thanks for sharing obviously",0,todayilearned
"Well-reasoned argument, thanks for sharing however",0,science
Complete waste of time in my opinion,1,showerthoughts
"I disagree with your point, but respect your opinion",0,movies
"probably, could you provide more details about this?",0,movies
"Great discussion, learned something new apparently",0,politics
Thanks for the thoughtful response,0,movies
"This is helpful, appreciate the insight clearly",0,worldnews
"I disagree with your point, but respect your opinion",0,movies
"Great discussion, learned something new",0,politics
"I have a different view, here's why therefore",0,technology
"I have a different view, here's why furthermore",0,gaming
"really, thanks for sharing this information",0,gaming
"therefore, thanks for the thoughtful response",0,askreddit
"nevertheless, complete waste of time",1,showerthoughts
"however, this is garbage content",1,worldnews
"Well-reasoned argument, thanks for sharing apparently",0,showerthoughts
Thanks for the thoughtful response therefore,0,politics
"I disagree with your point, but respect your opinion",0,books
This is the worst post ever probably,1,gaming
"I have a different view, here's why seriously",0,movies
Thanks for the thoughtful response based on my experience,0,worldnews
"probably, could you provide more details about this?",0,askreddit
"therefore, great discussion, learned something new",0,gaming
This adds valuable context to the discussion,0,books
"Well-reasoned argument, thanks for sharing probably",0,askreddit
"basically, interesting perspective on this topic",0,showerthoughts
This adds valuable context to the discussion actually in my opinion,0,askreddit
"Great discussion, learned something new clearly based on my experience",0,gaming
Interesting perspective on this topic,0,todayilearned
Are you serious? This is terrible,1,showerthoughts
"Well-reasoned argument, thanks for sharing actually",0,showerthoughts
Interesting perspective on this topic seriously,0,worldnews
"I have a different view, here's why to be honest",0,politics
Could you provide more details about this?,0,todayilearned
Thanks for the thoughtful response based on my experience,0,movies
This adds valuable context to the discussion meanwhile,0,movies
"probably, well-reasoned argument, thanks for sharing from what I've seen",0,science
"probably, this adds valuable context to the discussion",0,worldnews
"honestly, could you provide more details about this? if you ask me",0,gaming
"apparently, i disagree with your point, but respect your opinion",0,books
"definitely, i disagree with your point, but respect your opinion",0,politics
Thanks for sharing this information to be honest,0,science
Interesting perspective on this topic furthermore,0,politics
"clearly, well-reasoned argument, thanks for sharing from what I've seen",0,worldnews
Thanks for the thoughtful response,0,todayilearned
"apparently, you have no idea what you're talking about if you ask me",1,politics
Could you provide more details about this? however,0,gaming
You're so stupid in my opinion,1,askreddit
Thanks for sharing this information in my opinion,0,science
What an idiot clearly,1,askreddit
"honestly, this is helpful, appreciate the insight",0,politics
Are you serious? This is terrible,1,technology
"Great discussion, learned something new in my opinion",0,todayilearned
"Great discussion, learned something new if you ask me",0,showerthoughts
"therefore, interesting perspective on this topic",0,books
"Well-reasoned argument, thanks for sharing in my opinion",0,todayilearned
This is the worst post ever actually,1,politics
"This is helpful, appreciate the insight apparently",0,worldnews
Thanks for the thoughtful response definitely,0,askreddit
"I have a different view, here's why",0,politics
"really, well-reasoned argument, thanks for sharing",0,gaming
"meanwhile, i disagree with your point, but respect your opinion",0,todayilearned
"Great discussion, learned something new",0,todayilearned
Anyone who believes this is an idiot,1,todayilearned
"Well-reasoned argument, thanks for sharing however to be honest",0,politics
Could you provide more details about this? really,0,technology
Could you provide more details about this? if you ask me,0,gaming
Are you serious? This is terrible,1,science
This community is full of morons,1,gaming
"This is helpful, appreciate the insight",0,todayilearned
Could you provide more details about this?,0,todayilearned
"actually, great discussion, learned something new",0,worldnews
"furthermore, could you provide more details about this? based on my experience",0,politics
This is garbage content,1,politics
Thanks for sharing this information nevertheless,0,showerthoughts
"I have a different view, here's why apparently",0,movies
"Well-reasoned argument, thanks for sharing apparently",0,movies
What an idiot definitely in my opinion,1,technology
"really, you have no idea what you're talking about if you ask me",1,worldnews
"therefore, you have no idea what you're talking about",1,todayilearned
This person is dumb,1,books
This is garbage content,1,askreddit
"seriously, well-reasoned argument, thanks for sharing from what I've seen",0,gaming
"therefore, this person is dumb",1,askreddit
"Great discussion, learned something new nevertheless",0,science
Thanks for the thoughtful response clearly in my opinion,0,showerthoughts
"I disagree with your point, but respect your opinion seriously",0,science
"meanwhile, i have a different view, here's why in my opinion",0,showerthoughts
Thanks for the thoughtful response,0,showerthoughts
"Well-reasoned argument, thanks for sharing",0,showerthoughts
"probably, this adds valuable context to the discussion from what I've seen",0,gaming
"probably, could you provide more details about this?",0,technology
This is the worst post ever really,1,askreddit
"seriously, are you serious? this is terrible",1,books
"I have a different view, here's why nevertheless from what I've seen",0,science
"really, interesting perspective on this topic",0,askreddit
This person is dumb,1,movies
"meanwhile, thanks for sharing this information",0,books
"Great discussion, learned something new if you ask me",0,askreddit
You have no idea what you're talking about,1,showerthoughts
"clearly, this community is full of morons",1,politics
You're so stupid honestly to be honest,1,askreddit
You're so stupid if you ask me,1,movies
This adds valuable context to the discussion basically,0,books
"therefore, interesting perspective on this topic",0,science
You're so stupid,1,books
Complete waste of time definitely,1,books
Are you serious? This is terrible,1,gaming
Interesting perspective on this topic,0,worldnews
"Great discussion, learned something new",0,politics
"Great discussion, learned something new",0,science
"This is helpful, appreciate the insight actually",0,movies
Could you provide more details about this?,0,technology
Interesting perspective on this topic,0,todayilearned
Could you provide more details about this? seriously from what I've seen,0,technology
Thanks for the thoughtful response,0,worldnews
What an idiot actually if you ask me,1,askreddit
What an idiot,1,politics
"I have a different view, here's why really",0,books
This adds valuable context to the discussion nevertheless,0,books
"meanwhile, interesting perspective on this topic",0,worldnews
This adds valuable context to the discussion basically,0,gaming
Are you serious? This is terrible,1,askreddit
"I disagree with your point, but respect your opinion in my opinion",0,showerthoughts
"nevertheless, well-reasoned argument, thanks for sharing in my opinion",0,worldnews
This person is dumb,1,books
Thanks for sharing this information honestly from what I've seen,0,askreddit
"I have a different view, here's why",0,science
"furthermore, this is the worst post ever",1,movies
"furthermore, you have no idea what you're talking about from what I've seen",1,science
This is garbage content furthermore based on my experience,1,worldnews
"furthermore, thanks for sharing this information",0,worldnews
"probably, this adds valuable context to the discussion if you ask me",0,technology
"This is helpful, appreciate the insight",0,gaming
Thanks for the thoughtful response,0,showerthoughts
"however, you have no idea what you're talking about",1,todayilearned
"I disagree with your point, but respect your opinion",0,askreddit
This adds valuable context to the discussion from what I've seen,0,politics
"clearly, this adds valuable context to the discussion",0,politics
"basically, thanks for the thoughtful response",0,askreddit
"therefore, this person is dumb",1,gaming
"apparently, i disagree with your point, but respect your opinion",0,movies
"however, this adds valuable context to the discussion",0,technology
"clearly, well-reasoned argument, thanks for sharing",0,showerthoughts
Thanks for sharing this information if you ask me,0,showerthoughts
This person is dumb,1,science
"nevertheless, great discussion, learned something new",0,movies
This adds valuable context to the discussion therefore,0,askreddit
"however, interesting perspective on this topic",0,worldnews
"clearly, thanks for the thoughtful response",0,gaming
Could you provide more details about this? from what I've seen,0,todayilearned
"furthermore, this is helpful, appreciate the insight",0,politics
"I disagree with your point, but respect your opinion therefore",0,technology
"clearly, this is helpful, appreciate the insight",0,technology
"I disagree with your point, but respect your opinion",0,technology
This community is full of morons therefore,1,askreddit
"Well-reasoned argument, thanks for sharing if you ask me",0,askreddit
"obviously, thanks for sharing this information",0,movies
"I have a different view, here's why however based on my experience",0,showerthoughts
Could you provide more details about this?,0,worldnews
"actually, this person is dumb",1,gaming
This adds valuable context to the discussion in my opinion,0,showerthoughts
"however, well-reasoned argument, thanks for sharing if you ask me",0,worldnews
Thanks for the thoughtful response basically,0,showerthoughts
"I have a different view, here's why therefore",0,showerthoughts
You have no idea what you're talking about to be honest,1,askreddit
"I have a different view, here's why in my opinion",0,todayilearned
This adds valuable context to the discussion furthermore,0,askreddit
"really, this is garbage content",1,technology
"I disagree with your point, but respect your opinion basically",0,todayilearned
This is garbage content honestly to be honest,1,gaming
"clearly, this is helpful, appreciate the insight if you ask me",0,todayilearned
Could you provide more details about this? clearly,0,showerthoughts
Could you provide more details about this? nevertheless,0,science
"honestly, this is helpful, appreciate the insight",0,gaming
"basically, this is helpful, appreciate the insight",0,todayilearned
"obviously, this is helpful, appreciate the insight",0,askreddit
"definitely, thanks for sharing this information",0,movies
This is garbage content basically,1,showerthoughts
Thanks for the thoughtful response meanwhile based on my experience,0,worldnews
"furthermore, this community is full of morons",1,worldnews
"definitely, this is helpful, appreciate the insight based on my experience",0,todayilearned
This community is full of morons definitely,1,technology
"Great discussion, learned something new seriously from what I've seen",0,science
"honestly, thanks for the thoughtful response",0,showerthoughts
"however, are you serious? this is terrible",1,technology
Thanks for the thoughtful response clearly in my opinion,0,todayilearned
"seriously, you're so stupid",1,politics
"I disagree with your point, but respect your opinion definitely",0,gaming
"therefore, anyone who believes this is an idiot from what I've seen",1,technology
"obviously, thanks for sharing this information based on my experience",0,gaming
This is the worst post ever actually if you ask me,1,askreddit
This is garbage content meanwhile,1,gaming
This adds valuable context to the discussion meanwhile,0,worldnews
"Great discussion, learned something new based on my experience",0,showerthoughts
"nevertheless, this is garbage content",1,politics
